<?xml version="1.0"?>
<skin version="1.0" name="NPR Audio - Archived" author="www.npr.org">

	<!-- Enable for 5.1 compatibility -->
	<settings>
		<!-- <setting name="frontcolor" value="0xffffff" /> -->
	</settings>


	<components>
		<component name="controlbar">
			<settings>
				<setting name='backgroundcolor' value='0x22262d'/>
				<setting name="fontsize" value="12" />
				<setting name="font" value="_sans" />
				<setting name="fontcolor" value="0xCCCCCC" />
				<setting name="fontweight" value="normal" />
				<setting name="buttoncolor" value="0xCCCCCC" />
			</settings>

			<layout>
				<group position="left">
					<button name="play" />
					<text name="elapsed" />
				</group>
				<group position="center">
					<slider name="time" />
				</group>
				<group position="right">
					<text name="duration" />
					<button name="mute" />
					<slider name="volume" />
					<divider />
				</group>
			</layout>

			<elements>
				<element name="background" src="blank.png" />
				<element name="divider" src="divider.png" />

				<element name="playButton" src="playButton.png" />
				<element name="playButtonOver" src="playButtonOver.png" />
				<element name="pauseButton" src="pauseButton.png" />
				<element name="pauseButtonOver" src="pauseButtonOver.png" />
				
				<element name="timeSliderRail" src="timeSliderRail.png" />
				<element name="timeSliderProgress" src="timeSliderProgress.png" />
				<element name="timeSliderThumb" src="timeSliderThumb.png" />

				<element name="muteButton" src="muteButton.png" />
				
				<element name="unmuteButton" src="unmuteButton.png" />
				
				<element name="volumeSliderCapRight" src="volumeSliderCapRight.png" />
				<element name="volumeSliderCapLeft" src="volumeSliderCapLeft.png" />
				<element name="volumeSliderRail" src="volumeSliderRail.png" />
				<element name="volumeSliderBuffer" src="volumeSliderBuffer.png" />
				<element name="volumeSliderProgress" src="volumeSliderProgress.png" />
				
			</elements>
		</component>
		
		<component name="display">
						<elements>
				<element name="background" src="background.png" />
				<element name="playIcon" src="playIcon.png" />
				<element name="muteIcon" src="muteIcon.png" />
				<element name="errorIcon" src="errorIcon.png" />
				<element name="bufferIcon" src="bufferIcon.png" />
			</elements>
		</component>
		
		<component name="dock">
					<elements>
				<element name="button" src="button.png" />
				<element name="buttonOver" src="button.png" />
			</elements>
		</component>
		
		<component name="playlist">
						<elements>
				<element name="item" src="item.png" />
				<element name="itemOver" src="item.png" />
				<element name="sliderRail" src="sliderRail.png" />
				<element name="sliderThumb" src="sliderThumb.png" />
			</elements>
		</component>

	</components>

</skin>