<?xml version="1.0"?>
<skin version="1.0" name="NPR Video Live" author="NPR">

	<settings>
		<setting name="backcolor" value="0xFFFFFF" />
		<setting name="frontcolor" value="0xFFFFFF" />
		<setting name="lightcolor" value="0x000000" />
		<setting name="screencolor" value="0x000000" />
	</settings>

	<components>
		<component name="controlbar">
			<settings>
				<setting name="margin" value="0" />
				<setting name="fontsize" value="12" />
				<setting name="fontcolor" value="0xCCCCCC" />
				<setting name="fontweight" value="normal" />
			</settings>

			<elements>
				<element name="background" src="background.png" />
				<element name="divider" src="divider.png" />

				<element name="playButton" src="playButton.png" />
				<element name="pauseButton" src="pauseButton.png" />
				
				<element name="timeSliderRail" src="timeSliderRail.png" />
				<element name="timeSliderBuffer" src="timeSliderBuffer.png" />
				<element name="timeSliderProgress" src="timeSliderProgress.png" />
				<element name="timeSliderThumb" src="timeSliderThumb.png" />

				<element name="fullscreenButton" src="fullscreenButton.png" />
				<element name="normalscreenButton" src="normalscreenButton.png" />

				<element name="muteButton" src="muteButton.png" />
				<element name="unmuteButton" src="unmuteButton.png" />
				
				<element name="volumeSliderRail" src="volumeSliderRail.png" />
				<element name="volumeSliderProgress" src="volumeSliderProgress.png" />
				<element name="volumeSliderThumb" src="volumeSliderThumb.png" />
				
				<element name="volumeSliderCapLeft" src="volumeSliderCapLeft.png" />
				<element name="volumeSliderCapRight" src="volumeSliderCapRight.png" />
			</elements>
			
			<layout>

				<group position='left'>
					<divider />
					<button name='play' />
					<text name='elapsed' />
				</group>
				
				<group position='center'>
					<slider name='time' />
				</group>

				<group position='right'>
					<button name='fullscreen' />
					<divider />		
					<button name='mute' />
					<slider name='volume' />
					<divider />
			   </group>

			</layout>
			
			
		</component>

		<component name="display">
			<settings>
				<setting name='bufferrotation' value='15' />
				<setting name='bufferinterval' value='40' />
			</settings>
			<elements>
				<element name="background" src="background.png" />
				<element name="playIcon" src="playIcon.png" />
				<element name="muteIcon" src="muteIcon.png" />
				<element name="errorIcon" src="errorIcon.png" />
				<element name="bufferIcon" src="bufferIcon.png" />
			</elements>
		</component>

		<component name="dock">
			<elements>
				<element name="button" src="button.png" />
				<element name="buttonOver" src="button.png" />
			</elements>
		</component>

		<component name="playlist">
    	<settings>
    		<setting name="backgroundcolor" value="0x000000" />
    		<setting name="fontcolor" value="0xFFFFFF" />
    	</settings>
			<elements>
				<element name="item" src="item.png" />
				<element name="itemOver" src="item.png" />
				<element name="sliderRail" src="sliderRail.png" />
				<element name="sliderThumb" src="sliderThumb.png" />
			</elements>
		</component>

	</components>

</skin>
